INSERT INTO state (state_code) VALUES
('AL'), ('AK'), ('AZ'), ('AR'), ('CA'),
('CO'), ('CT'), ('DE'), ('FL'), ('GA'),
('HI'), ('ID'), ('IL'), ('IN'), ('IA'),
('KS'), ('KY'), ('LA'), ('ME'), ('MD'),
('MA'), ('MI'), ('MN'), ('MS'), ('MO'),
('MT'), ('NE'), ('NV'), ('NH'), ('NJ'),
('NM'), ('NY'), ('NC'), ('ND'), ('OH'),
('OK'), ('OR'), ('PA'), ('RI'), ('SC'),
('SD'), ('TN'), ('TX'), ('UT'), ('VT'),
('VA'), ('WA'), ('WV'), ('WI'), ('WY');

INSERT INTO person (person_id, name) VALUES
(1, 'John Smith'),
(2, 'Jane Doe'),
(3, 'Fisher Mann'),
(4, 'Emily Brown'),
(5, 'Rusty Shackleford'),
(6, 'Jessica Martinez'),
(7, 'David Anderson'),
(8, 'Sarah Taylor'),
(9, 'Matthew Thomas'),
(10, 'Laura Garcia');

INSERT INTO fly (fly_id, brand, price, homemade) VALUES
(1, 'RoundRocks', 7.99, 0),
(2, null, 0, 1),
(3, 'Betts', 3.99, 0),
(4, 'Umpqua', 1.97, 0),
(5, null, 0, 1);

INSERT INTO fish (fish_id, species, avg_length, avg_weight) VALUES
(1, 'rainbow trout', 16.0, 2.5),
(2, 'brook trout', 17.7, 3.64),
(3, 'brown trout', 23.5, 4.16),
(4, 'cutthroat trout', 23.0, 4.09),
(5, 'bull trout', 22.6, 4.17),
(6, 'smallmouth bass', 19.0, 3.96),
(7, 'largemouth bass', 21.4, 4.87);

INSERT INTO native_fish (state, fish_id) VALUES
('CA', 1),
('OR', 1),
('WA', 1),
('ID', 1),
('AK', 1),
('MI', 2),
('IA', 2),
('WI', 2),
('IL', 2),
('MN', 2),
('TN', 2),
('NC', 2),
('VA', 2),
('WV', 2),
('PA', 2),
('NJ', 2),
('NY', 2),
('CT', 2),
('RI', 2),
('MA', 2),
('VT', 2),
('NH', 2),
('ME', 2),
('CA', 4),
('OR', 4),
('WA', 4),
('ID', 4),
('MT', 4),
('WY', 4),
('NV', 4),
('UT', 4),
('CO', 4),
('AZ', 4),
('NM', 4),
('WA', 5),
('OR', 5),
('ID', 5),
('MT', 5),
('NV', 5),
('SD', 6),
('MN', 6),
('WI', 6),
('MI', 6),
('IA', 6),
('MO', 6),
('OK', 6),
('AR', 6),
('IL', 6),
('IN', 6),
('OH', 6),
('PA', 6),
('NY', 6),
('WV', 6),
('VA', 6),
('KY', 6),
('AL', 6),
('GA', 6),
('NC', 6),
('SD', 7),
('MN', 7),
('WI', 7),
('MI', 7),
('IA', 7),
('MO', 7),
('OK', 7),
('AR', 7),
('IL', 7),
('IN', 7),
('OH', 7),
('PA', 7),
('NY', 7),
('WV', 7),
('VA', 7),
('KY', 7),
('AL', 7),
('GA', 7),
('NC', 7),
('TX', 7),
('KS', 7),
('ND', 7),
('LA', 7),
('FL', 7),
('SC', 7);

INSERT INTO owned_fly (fisherman, fly) VALUES
(1, 1),
(2, 2),
(3, 3),
(4, 4),
(5, 5),
(6, 1),
(7, 2),
(8, 3),
(9, 4),
(10, 5);

INSERT INTO catch (fisherman, species, fly, length, weight, catch_time, state, released)
VALUES
(1, 2, 3, 17.5, 3.2, '2023-10-15 08:30:00', 'CO', 0),
(2, 4, 1, 19.3, 4.5, '2023-09-20 12:45:00', 'WA', 1),
(3, 1, 5, 21.2, 4.1, '2023-11-05 15:20:00', 'UT', 0),
(4, 3, 2, 24.1, 4.9, '2023-08-28 10:10:00', 'NV', 1),
(5, 2, 4, 18.6, 3.6, '2023-07-12 09:00:00', 'OR', 1),
(10, 5, 3, 23.8, 4.3, '2023-06-30 11:55:00', 'ID', 0),
(7, 1, 1, 17.9, 3.4, '2023-05-22 14:40:00', 'CA', 1),
(8, 3, 5, 22.7, 4.2, '2023-04-18 13:15:00', 'AZ', 0),
(9, 4, 2, 20.5, 3.9, '2023-03-10 16:05:00', 'NM', 1),
(10, 5, 4, 19.8, 3.8, '2023-02-05 17:30:00', 'MT', 0),
(2, 2, 3, 17.5, 3.2, '2023-10-15 08:30:00', 'CO', 0),
(3, 4, 1, 19.3, 4.5, '2023-09-20 12:45:00', 'WA', 1),
(4, 1, 5, 21.2, 4.1, '2023-11-05 15:20:00', 'UT', 0),
(5, 3, 2, 24.1, 4.9, '2023-08-28 10:10:00', 'NV', 1),
(6, 2, 4, 18.6, 3.6, '2023-07-12 09:00:00', 'OR', 1),
(7, 5, 3, 23.8, 4.3, '2023-06-30 11:55:00', 'ID', 0),
(8, 1, 1, 17.9, 3.4, '2023-05-22 14:40:00', 'CA', 1),
(9, 3, 5, 22.7, 4.2, '2023-04-18 13:15:00', 'AZ', 0),
(10, 4, 2, 20.5, 3.9, '2023-03-10 16:05:00', 'NM', 1),
(1, 5, 4, 19.8, 3.8, '2023-02-05 17:30:00', 'MT', 0),
(3, 2, 3, 17.5, 3.2, '2023-10-15 08:30:00', 'CO', 0),
(4, 4, 1, 19.3, 4.5, '2023-09-20 12:45:00', 'WA', 1),
(5, 1, 5, 21.2, 4.1, '2023-11-05 15:20:00', 'UT', 0),
(2, 3, 2, 24.1, 4.9, '2023-08-28 10:10:00', 'NV', 1),
(7, 2, 4, 18.6, 3.6, '2023-07-12 09:00:00', 'OR', 1),
(8, 5, 3, 23.8, 4.3, '2023-06-30 11:55:00', 'ID', 0),
(9, 1, 1, 17.9, 3.4, '2023-05-22 14:40:00', 'CA', 1),
(10, 3, 5, 22.7, 4.2, '2023-04-18 13:15:00', 'AZ', 0),
(1, 4, 2, 20.5, 3.9, '2023-03-10 16:05:00', 'NM', 1),
(2, 5, 4, 19.8, 3.8, '2023-02-05 17:30:00', 'MT', 0),
(1, 2, 3, 17.5, 3.2, '2023-10-15 08:30:00', 'CO', 0),
(2, 4, 1, 19.3, 4.5, '2023-09-20 12:45:00', 'WA', 1),
(3, 1, 5, 21.2, 4.1, '2023-11-05 15:20:00', 'UT', 0),
(4, 3, 2, 24.1, 4.9, '2023-08-28 10:10:00', 'NV', 1),
(5, 2, 4, 18.6, 3.6, '2023-07-12 09:00:00', 'OR', 1),
(6, 5, 3, 23.8, 4.3, '2023-06-30 11:55:00', 'ID', 0),
(7, 1, 1, 17.9, 3.4, '2023-05-22 14:40:00', 'CA', 1),
(8, 3, 5, 22.7, 4.2, '2023-04-18 13:15:00', 'AZ', 0),
(9, 4, 2, 20.5, 3.9, '2023-03-10 16:05:00', 'NM', 1),
(10, 5, 4, 19.8, 3.8, '2023-02-05 17:30:00', 'MT', 0),
(2, 2, 3, 17.5, 3.2, '2023-10-15 08:30:00', 'CO', 0),
(3, 4, 1, 19.3, 4.5, '2023-09-20 12:45:00', 'WA', 1),
(4, 1, 5, 21.2, 4.1, '2023-11-05 15:20:00', 'UT', 0),
(5, 3, 2, 24.1, 4.9, '2023-08-28 10:10:00', 'NV', 1),
(6, 2, 4, 18.6, 3.6, '2023-07-12 09:00:00', 'OR', 1),
(7, 5, 3, 23.8, 4.3, '2023-06-30 11:55:00', 'ID', 0),
(8, 1, 1, 17.9, 3.4, '2023-05-22 14:40:00', 'CA', 1),
(9, 3, 5, 22.7, 4.2, '2023-04-18 13:15:00', 'AZ', 0),
(10, 4, 2, 20.5, 3.9, '2023-03-10 16:05:00', 'NM', 1),
(1, 5, 4, 19.8, 3.8, '2023-02-05 17:30:00', 'MT', 0);


